{"cameraMode":{"drawMode":0,"name":"Shaded","section":"Shading Mode"},"sceneLighting":false,"audioPlay":false,"sceneViewState":{"showFog":true,"showMaterialUpdate":true,"showSkybox":true,"showFlares":true,"showImageEffects":true,"showParticleSystems":true},"in2DMode":false,"pivot":{"x":2.3860325813293459,"y":-17.77598762512207,"z":-11.64621353149414},"rotation":{"x":-0.28845536708831789,"y":0.03503356873989105,"z":-0.01055833324790001,"w":-0.9568142294883728},"size":38.739566802978519,"orthographic":false}