{"cameraMode":{"drawMode":0,"name":"Shaded","section":"Shading Mode"},"sceneLighting":false,"audioPlay":false,"sceneViewState":{"showFog":true,"showMaterialUpdate":true,"showSkybox":false,"showFlares":true,"showImageEffects":true,"showParticleSystems":true},"in2DMode":false,"pivot":{"x":0.09999999403953552,"y":4.960000038146973,"z":-0.30000001192092898},"rotation":{"x":-0.2702515125274658,"y":0.08707843720912934,"z":-0.02455102652311325,"w":-0.9585325121879578},"size":2.257727861404419,"orthographic":false}